TPR,FPR
0.25,0.0
0.125,0.0073529411764705
0.25,0.0
0.25,0.0
0.125,0.007352941176470588
