TPR,FPR
0.375,0.0
0.5,0.0073529411764705
0.375,0.0073529411764705
0.375,0.0073529411764705
0.375,0.007352941176470588
