TPR,FPR
0.625,0.0073529411764705
0.625,0.0073529411764705
0.625,0.0073529411764705
0.625,0.0073529411764705
0.625,0.007352941176470588
