TPR,FPR
0.6086956521739131,0.0578512396694214
0.5652173913043478,0.0661157024793388
0.5652173913043478,0.0495867768595041
0.5652173913043478,0.0578512396694214
0.5652173913043478,0.06611570247933884
