TPR,FPR
0.1739130434782608,0.0
0.1304347826086956,0.0
0.1739130434782608,0.0
0.1739130434782608,0.0
0.17391304347826086,0.0
