TPR,FPR
0.3478260869565217,0.0082644628099173
0.3478260869565217,0.0082644628099173
0.3478260869565217,0.0165289256198347
0.391304347826087,0.0082644628099173
0.34782608695652173,0.008264462809917356
