Accuracy,D Acc,Size,D Size,Time,D time
0.956000030040741,0.043999969959259,58677888,0.3101264108352144,0.0048842430114746,0.4799240424062716
0.9640000462532043,0.0720000267028808,58675584,0.3101534988713318,0.0045227527618408,0.5400613904500512
0.9800000190734863,0.09199994802474976,58478784,0.3124672686230248,0.004485654830932617,0.5225525176496861
