Accuracy,D Acc,Size,D Size,Time,D time
0.9520000219345092,0.071999967098236,59073792,0.305471783295711,0.0054695606231689,0.4165505244203908
0.9360000491142272,0.0360000133514404,59469696,0.3008171557562076,0.0061320304870605,0.3465880798739902
0.968000054359436,0.0480000376701355,59268288,0.3031851015801354,0.0053097248077392,0.435028793221543
0.968000054359436,0.0559999942779541,59073792,0.305471783295711,0.0055771827697753,0.403732724297374
0.9760000705718994,0.06000000238418579,59268288,0.30318510158013545,0.005393028259277344,0.42662469011878146
