Accuracy,D Acc,Size,D Size,Time,D time
0.8400000333786011,-0.0680000185966491,28942656,0.6597223476297969,0.0012149810791015,0.8701715590113065
0.7640000581741333,-0.1159999966621398,33666624,0.6041828442437923,0.0013541221618652,0.8561325295101069
0.7120000123977661,-0.2120000123977661,28942656,0.6597223476297969,0.0012518882751464,0.8662386957075531
0.8280000686645508,-0.0879999995231628,33865728,0.601841986455982,0.0015009403228759,0.8469173868427835
0.7880000472068787,-0.11599999666213989,28942656,0.6597223476297969,0.001264190673828125,0.8703702798245656
