Accuracy,D Acc,Size,D Size,Time,D time
0.328000009059906,-0.5600000619888306,24019584,0.7176027088036118,0.001036691665649414,0.8891862136456773
