Accuracy,D Acc,Size,D Size,Time,D time
1.0,0.1119999289512634,57087360,0.3288261851015801,0.0015579223632812,0.8418441192558851
1.0,0.0919999480247497,57087360,0.3288261851015801,0.0015943050384521,0.8308946625732739
1.0,0.1039999723434448,57087360,0.3288261851015801,0.001592206954956,0.8303475256579615
1.0,0.0759999752044677,57087360,0.3288261851015801,0.0015453815460205,0.8402356362919325
0.9960000514984131,0.07999998331069946,57087360,0.3288261851015801,0.001550769805908203,0.8350802995958397
