Accuracy,D Acc,Size,D Size,Time,D time
1.0,0.0,57286464,0.3264853273137697,0.0018022060394287,0.7767888781271409
1.0,0.0,57286464,0.3264853273137697,0.0017805099487304,0.7794591018894224
1.0,0.0,57286464,0.3264853273137697,0.0017924308776855,0.7791292085316411
1.0,0.0,57286464,0.3264853273137697,0.0018103122711181,0.7758060706271407
1.0,0.0,57286464,0.3264853273137697,0.001789093017578125,0.7776671644267463
