Accuracy,D Acc,Size,D Size,Time,D time
1.0,0.0,14571648,0.8286817155756208,0.000881814956665,0.8910336862821352
1.0,0.0,14571648,0.8286817155756208,0.0008848667144775,0.8905766293804432
1.0,0.0,14571648,0.8286817155756208,0.0008793354034423,0.891162444816922
1.0,0.0,14571648,0.8286817155756208,0.0008790493011474,0.8909900480743644
1.0,0.0,14571648,0.8286817155756208,0.0008795738220214843,0.8909366112658235
