Accuracy,D Acc,Size,D Size,Time,D time
1.0,0.0,14770752,0.8263408577878104,0.0010371208190917,0.8713885308135341
1.0,0.0,14770752,0.8263408577878104,0.0010222434997558,0.8733764507840879
0.992,-0.008,14571648,0.8286817155756208,0.0008878231048583,0.8900418123405461
1.0,0.0,14571648,0.8286817155756208,0.0008819103240966,0.8907108668675767
1.0,0.0040000000000000036,14571648,0.8286817155756208,0.0008758068084716797,0.8913580977167869
