Accuracy,D Acc,Size,D Size,Time,D time
1.0,0.0,57286464,0.3264853273137697,0.0018022060394287,0.7767888781271409
1.0,0.0,57286464,0.3264853273137697,0.0017837524414062,0.7787503844424992
1.0,0.0,57286464,0.3264853273137697,0.0017876148223876,0.7787633076033331
1.0,0.0,57286464,0.3264853273137697,0.0017691135406494,0.781481176082552
1.0,0.0,57286464,0.3264853273137697,0.0017850875854492187,0.7793495302424821
