Accuracy,D Acc,Size,D Size,Time,D time
1.0,0.0199999809265136,60046272,0.2940383747178329,0.0021479129791259,0.7047971688839374
1.0,0.0466666221618652,61233984,0.2800744920993228,0.0038804531097412,0.47143450981411
1.0,0.0333333015441894,60638976,0.2870699774266366,0.0029191970825195,0.5982438755487889
1.0,0.0399999618530273,60638976,0.2870699774266366,0.0030543804168701,0.580159926591073
1.0,0.006666660308837891,60838080,0.2847291196388262,0.0034737586975097656,0.5245988292797525
