Accuracy,D Acc,Size,D Size,Time,D time
0.9466667175292968,-0.0466666221618652,20675520,0.7569187358916478,0.0011857986450195,0.838075766060243
0.9533333778381348,-0.0199999809265136,25399488,0.7013792325056434,0.001265525817871,0.8269307266431474
0.9666666984558104,-0.0266666412353515,25399488,0.7013792325056434,0.0012599945068359,0.8283286339834461
0.9800000190734864,0.0066666603088378,20874624,0.7545778781038375,0.0013278007507324,0.8176543775784166
0.9800000190734863,0.0,25399488,0.7013792325056434,0.001256418228149414,0.8280753495716402
